﻿set,year,Variable,estimate,lower_bound,upper_bound,estimator
1,2009,Immigration from EU,-0.1370164,-0.2851727,0.0111399,linear
1,2010,Immigration from EU,-0.045219,-0.1838641,0.093426,linear
1,2011,Immigration from EU,-0.1026429,-0.2185548,0.0132689,linear
1,2013,Immigration from EU,-0.1594238,-0.2585415,-0.0603061,linear
1,2015,Immigration from EU,-0.0822435,-0.1543108,-0.0101762,linear
1,2016,Immigration from EU,-0.1533674,-0.2216781,-0.0850568,linear
1,2017,Immigration from EU,-0.1977314,-0.3081628,-0.0872999,linear
1,2009,Immigration from Non-EU,-0.0781092,-0.2241011,0.0678826,linear
1,2010,Immigration from Non-EU,0.0245499,-0.1223077,0.1714075,linear
1,2011,Immigration from Non-EU,0.076204,-0.1565353,0.3089433,linear
1,2013,Immigration from Non-EU,-0.0182977,-0.1663807,0.1297853,linear
1,2015,Immigration from Non-EU,0.0503903,-0.0405924,0.1413731,linear
1,2016,Immigration from Non-EU,0.0172021,-0.0636325,0.0980367,linear
1,2017,Immigration from Non-EU,-0.1008946,-0.2482204,0.0464312,linear
1,2009,Immigration from EU,-0.2229546,-0.4258191,-0.02009,ologit
1,2010,Immigration from EU,-0.0608058,-0.2445029,0.1228912,ologit
1,2011,Immigration from EU,-0.158761,-0.3087918,-0.0087302,ologit
1,2013,Immigration from EU,-0.2273235,-0.3599607,-0.0946863,ologit
1,2015,Immigration from EU,-0.1412033,-0.2392633,-0.0431433,ologit
1,2016,Immigration from EU,-0.2379277,-0.3328493,-0.1430062,ologit
1,2017,Immigration from EU,-0.3476651,-0.5214316,-0.1738986,ologit
1,2009,Immigration from Non-EU,-0.1018572,-0.3012184,0.0975039,ologit
1,2010,Immigration from Non-EU,0.0464609,-0.1477598,0.2406815,ologit
1,2011,Immigration from Non-EU,0.1172945,-0.1821677,0.4167566,ologit
1,2013,Immigration from Non-EU,-0.0619272,-0.2601671,0.1363126,ologit
1,2015,Immigration from Non-EU,0.0960492,-0.0252361,0.2173346,ologit
1,2016,Immigration from Non-EU,0.0434719,-0.0667435,0.1536874,ologit
1,2017,Immigration from Non-EU,-0.137723,-0.3679312,0.0924852,ologit
2,2010,Immigration from EU,0.0131148,-0.0382427,0.0644722,linear
2,2012,Immigration from EU,-0.0065409,-0.0479682,0.0348864,linear
2,2013,Immigration from EU,-0.0056567,-0.0666934,0.05538,linear
2,2014,Immigration from EU,0.0165241,-0.0360791,0.0691273,linear
2,2015,Immigration from EU,0.0325834,-0.011143,0.0763098,linear
2,2016,Immigration from EU,0.0146774,-0.0301457,0.0595004,linear
2,2017,Immigration from EU,-0.015302,-0.0756121,0.0450081,linear
2,2010,Immigration from Non-EU,-0.0157214,-0.067,0.0355572,linear
2,2012,Immigration from Non-EU,-0.0077628,-0.1140845,0.0985589,linear
2,2013,Immigration from Non-EU,0.0151,-0.0711436,0.1013435,linear
2,2014,Immigration from Non-EU,-0.0016541,-0.0702819,0.0669736,linear
2,2015,Immigration from Non-EU,0.0551347,0.0027937,0.1074757,linear
2,2016,Immigration from Non-EU,0.0087922,-0.0414424,0.0590268,linear
2,2017,Immigration from Non-EU,-0.0235198,-0.100066,0.0530265,linear
2,2010,Immigration from EU,0.0305585,-0.0916771,0.1527942,ologit
2,2012,Immigration from EU,-0.0250498,-0.1161164,0.0660168,ologit
2,2013,Immigration from EU,-0.0169954,-0.1564632,0.1224724,ologit
2,2014,Immigration from EU,0.039209,-0.0816897,0.1601077,ologit
2,2015,Immigration from EU,0.0728663,-0.03519,0.1809227,ologit
2,2016,Immigration from EU,0.0325712,-0.0676866,0.132829,ologit
2,2017,Immigration from EU,-0.038548,-0.1784108,0.1013147,ologit
2,2010,Immigration from Non-EU,-0.0455473,-0.1674375,0.076343,ologit
2,2012,Immigration from Non-EU,-0.0040332,-0.2371536,0.2290872,ologit
2,2013,Immigration from Non-EU,0.0440128,-0.1531206,0.2411462,ologit
2,2014,Immigration from Non-EU,0.0060225,-0.1515607,0.1636058,ologit
2,2015,Immigration from Non-EU,0.1358272,0.0065516,0.2651028,ologit
2,2016,Immigration from Non-EU,0.0256253,-0.0866541,0.1379047,ologit
2,2017,Immigration from Non-EU,-0.0319348,-0.2093843,0.1455146,ologit